{
  "threshold": 0.01,
  "f1": 0.84375,
  "accuracy": 0.7297297297297297
}