pos_weight,val_auc,val_loss
1.0,0.5851851851851851,0.8177987812338648
1.5,0.5851851851851851,0.7089764008650908
2.0,0.5814814814814815,0.7501707834166449
3.0,0.5814814814814815,0.9841613672875069
